name,age,country,language,description,review
Alice Johnson,25,USA,English,"Cultural researcher from New York","This platform is amazing for cultural exploration! The insights are incredibly detailed."
Maria García,30,Spain,Spanish,"Antropóloga especializada en tradiciones","Excelente plataforma para explorar culturas. Los análisis son muy profundos y útiles."
Hans Mueller,28,Germany,German,"Historiker interessiert an Kulturanalyse","Diese Anwendung ist wunderbar für kulturelle Forschung. Sehr beeindruckende Technologie."
Elena Rossi,26,Italy,Italian,"Blogger culinario tradizionale","Questa piattaforma è fantastica per esplorare tradizioni culinarie! Risultati sorprendenti."
Jean Dubois,32,France,French,"Chef spécialisé en cuisine traditionnelle","Plateforme magnifique pour partager et analyser cultures culinaires différentes."
Yuki Tanaka,29,Japan,Japanese,"Cultural anthropologist studying global traditions","この文化分析プラットフォームは本当に素晴らしいです。詳細な洞察を提供してくれます。"
Ahmed Hassan,35,Egypt,Arabic,"مؤرخ متخصص في الثقافات العربية","منصة رائعة لتحليل الثقافات المختلفة. النتائج مفيدة جداً للبحث الأكاديمي."
Priya Sharma,27,India,Hindi,"Cultural diversity researcher","यह प्लेटफॉर्म सांस्कृतिक विविधता के अध्ययन के लिए बहुत उपयोगी है। बेहतरीन विश्लेषण।"
João Silva,31,Brazil,Portuguese,"Pesquisador de culturas latino-americanas","Plataforma incrível para análise cultural! Os resultados são muito detalhados e precisos."
Olga Petrov,28,Russia,Russian,"Этнограф, изучающий славянские традиции","Отличная платформа для анализа культурных данных. Впечатляющие результаты исследований."
